"Tanggal Transaksi","Harga Service","Customer","Tipe Jasa","ID","Month (name)"
"2021-01-04",130000,"Wevishar","Jasa D",1,"Januari"
"2021-01-04",82000,"Eniola","Jasa D",2,"Januari"
"2021-01-04",79000,"Chi","Jasa D",3,"Januari"
"2021-01-04",70000,"Moes","Jasa B",4,"Januari"
"2021-01-06",70000,"Mudiwa","Jasa A",5,"Januari"
"2021-01-06",121000,"Glite","Jasa C",6,"Januari"
"2021-01-06",120000,"Idoob","Jasa D",7,"Januari"
"2021-01-06",70000,"Ganizani","Jasa B",8,"Januari"
"2021-01-07",120000,"Cuphulien","Jasa A",9,"Januari"
"2021-01-07",130000,"Ezii","Jasa E",10,"Januari"
"2021-01-07",148000,"Mygneo","Jasa E",11,"Januari"
"2021-01-07",130000,"Adegoke","Jasa D",12,"Januari"
"2021-01-08",130000,"Mygneo","Jasa D",13,"Januari"
"2021-01-08",128000,"Meefgaib","Jasa A",14,"Januari"
"2021-01-11",138000,"Ousmane","Jasa D",15,"Januari"
"2021-01-11",138000,"Thauzhash","Jasa D",16,"Januari"
"2021-01-11",126000,"Bluaxia","Jasa D",17,"Januari"
"2021-01-11",110000,"Moes","Jasa B",18,"Januari"
"2021-01-11",110000,"Shashou","Jasa D",19,"Januari"
"2021-01-11",70000,"Ekyboo","Jasa D",20,"Januari"
"2021-01-11",110000,"Chi","Jasa D",21,"Januari"
"2021-01-11",130000,"Tichaona","Jasa B",22,"Januari"
"2021-01-11",70000,"Dejen","Jasa A",23,"Januari"
"2021-01-11",70000,"Safluvis","Jasa B",24,"Januari"
"2021-01-11",148000,"Doux","Jasa D",25,"Januari"
"2021-01-12",132000,"Chuo","Jasa D",26,"Januari"
"2021-01-12",130000,"Kamau","Jasa B",27,"Januari"
"2021-01-12",150000,"Ganizani","Jasa E",28,"Januari"
"2021-01-13",70000,"Shashou","Jasa C",29,"Januari"
"2021-01-13",9000,"Jeingzou","Jasa D",30,"Januari"
"2021-01-13",21000,"Axzab","Jasa E",31,"Januari"
"2021-01-14",150000,"Ganizani","Jasa B",32,"Januari"
"2021-01-14",79000,"Bzayan","Jasa B",33,"Januari"
"2021-01-14",60000,"Adegoke","Jasa C",34,"Januari"
"2021-01-15",45000,"Glite","Jasa D",35,"Januari"
"2021-01-15",131000,"Kamau","Jasa C",36,"Januari"
"2021-01-15",60000,"Shashou","Jasa B",37,"Januari"
"2021-01-15",147000,"Kunju","Jasa B",38,"Januari"
"2021-01-15",60000,"Tichaona","Jasa B",39,"Januari"
"2021-01-15",134000,"Axzab","Jasa A",40,"Januari"
"2021-01-17",70000,"Ufuoma","Jasa D",41,"Januari"
"2021-01-18",139000,"Gar","Jasa C",42,"Januari"
"2021-01-19",130000,"Chinweuba","Jasa E",43,"Januari"
"2021-01-19",130000,"Wiati","Jasa A",44,"Januari"
"2021-01-20",142000,"Wevishar","Jasa D",45,"Januari"
"2021-01-20",120000,"Moes","Jasa E",46,"Januari"
"2021-01-20",130000,"Thauzhash","Jasa C",47,"Januari"
"2021-01-20",70000,"Meefgaib","Jasa E",48,"Januari"
"2021-01-20",78000,"Chi","Jasa D",49,"Januari"
"2021-01-20",147000,"Olabode","Jasa B",50,"Januari"
"2021-01-20",130000,"Thauzhash","Jasa C",51,"Januari"
"2021-01-20",60000,"Moes","Jasa C",52,"Januari"
"2021-01-21",131000,"Bzayan","Jasa B",53,"Januari"
"2021-01-21",130000,"Bluaxia","Jasa A",54,"Januari"
"2021-01-21",70000,"Chinweuba","Jasa B",55,"Januari"
"2021-01-21",70000,"Thokozani","Jasa C",56,"Januari"
"2021-01-21",120000,"Meefgaib","Jasa C",57,"Januari"
"2021-01-21",130000,"Usah","Jasa E",58,"Januari"
"2021-01-21",139000,"Evii","Jasa C",59,"Januari"
"2021-01-21",120000,"Jeingzou","Jasa D",60,"Januari"
"2021-01-21",150000,"Nah","Jasa E",61,"Januari"
"2021-01-22",78000,"Wiati","Jasa A",62,"Januari"
"2021-01-22",150000,"Mudiwa","Jasa D",63,"Januari"
"2021-01-22",150000,"Gnuci","Jasa A",64,"Januari"
"2021-01-22",150000,"Eniola","Jasa B",65,"Januari"
"2021-01-22",131000,"Taurai","Jasa B",66,"Januari"
"2021-01-22",103000,"Cuphulien","Jasa E",67,"Januari"
"2021-01-22",110000,"Chi","Jasa E",68,"Januari"
"2021-01-25",70000,"Ixoim","Jasa C",69,"Januari"
"2021-01-25",70000,"Saazteec","Jasa E",70,"Januari"
"2021-01-25",60000,"Axzab","Jasa A",71,"Januari"
"2021-01-25",130000,"Glite","Jasa A",72,"Januari"
"2021-01-25",139000,"Kunju","Jasa A",73,"Januari"
"2021-01-25",130000,"Adegoke","Jasa D",74,"Januari"
"2021-01-25",88000,"Moes","Jasa E",75,"Januari"
"2021-01-26",131000,"Qayug","Jasa C",76,"Januari"
"2021-01-26",150000,"Cuphulien","Jasa D",77,"Januari"
"2021-01-26",147000,"Khimma","Jasa C",78,"Januari"
"2021-01-26",71000,"Wevishar","Jasa C",79,"Januari"
"2021-01-26",70000,"Ixoim","Jasa C",80,"Januari"
"2021-01-27",70000,"Jeingzou","Jasa B",81,"Januari"
"2021-01-27",120000,"Abdoul","Jasa A",82,"Januari"
"2021-01-27",60000,"Glite","Jasa E",83,"Januari"
"2021-01-27",130000,"Chi","Jasa C",84,"Januari"
"2021-01-27",122400,"Axzab","Jasa C",85,"Januari"
"2021-01-27",150000,"Safluvis","Jasa A",86,"Januari"
"2021-01-27",61200,"Hoosnestrond","Jasa C",87,"Januari"
"2021-01-27",143000,"Ousmane","Jasa E",88,"Januari"
"2021-01-28",11000,"Chuo","Jasa B",89,"Januari"
"2021-01-28",120000,"Kayin","Jasa B",90,"Januari"
"2021-01-28",130000,"Bluaxia","Jasa D",91,"Januari"
"2021-01-28",120000,"Kunju","Jasa E",92,"Januari"
"2021-01-28",130000,"Oozu","Jasa D",93,"Januari"
"2021-01-28",82000,"Oozu","Jasa D",94,"Januari"
"2021-01-28",122400,"Mudiwa","Jasa D",95,"Januari"
"2021-01-29",128000,"Axzab","Jasa C",96,"Januari"
"2021-01-29",130000,"Gar","Jasa A",97,"Januari"
"2021-01-29",150000,"Axzab","Jasa D",98,"Januari"
"2021-02-01",130000,"Dubaku","Jasa B",99,"Februari"
"2021-02-01",135000,"Chuo","Jasa B",100,"Februari"
"2021-02-01",110000,"Olabode","Jasa D",101,"Februari"
"2021-02-01",130000,"Safluvis","Jasa A",102,"Februari"
"2021-02-01",147000,"Kamau","Jasa D",103,"Februari"
"2021-02-01",150000,"Saazteec","Jasa A",104,"Februari"
"2021-02-01",148000,"Ade","Jasa D",105,"Februari"
"2021-02-01",71000,"Jeingzou","Jasa A",106,"Februari"
"2021-02-02",139000,"Abdoul","Jasa B",107,"Februari"
"2021-02-02",131000,"Tepmuvapp","Jasa C",108,"Februari"
"2021-02-02",138000,"Ezii","Jasa C",109,"Februari"
"2021-02-02",60000,"Jeingzou","Jasa E",110,"Februari"
"2021-02-02",131000,"Qayug","Jasa E",111,"Februari"
"2021-02-02",60000,"Tichaona","Jasa A",112,"Februari"
"2021-02-02",137000,"Eniola","Jasa B",113,"Februari"
"2021-02-02",70000,"Usah","Jasa A",114,"Februari"
"2021-02-02",100000,"Eniola","Jasa E",115,"Februari"
"2021-02-02",130000,"Dejen","Jasa A",116,"Februari"
"2021-02-02",138000,"Noshom","Jasa C",117,"Februari"
"2021-02-02",144000,"Yinoh","Jasa E",118,"Februari"
"2021-02-02",87000,"Noshom","Jasa D",119,"Februari"
"2021-02-02",138000,"Chuo","Jasa C",120,"Februari"
"2021-02-02",150000,"Usah","Jasa E",121,"Februari"
"2021-02-03",138000,"Gar","Jasa B",122,"Februari"
"2021-02-03",70000,"Gar","Jasa D",123,"Februari"
"2021-02-03",70000,"Eniola","Jasa D",124,"Februari"
"2021-02-03",79000,"Chi","Jasa D",125,"Februari"
"2021-02-03",91000,"Nah","Jasa D",126,"Februari"
"2021-02-03",150000,"Boubacar","Jasa D",127,"Februari"
"2021-02-03",148000,"Wiati","Jasa E",128,"Februari"
"2021-02-02",71000,"Noshom","Jasa A",129,"Februari"
"2021-02-04",70000,"Meefgaib","Jasa C",130,"Februari"
"2021-02-04",138000,"Boubacar","Jasa D",131,"Februari"
"2021-02-04",71000,"Dubaku","Jasa A",132,"Februari"
"2021-02-04",120000,"Boubacar","Jasa D",133,"Februari"
"2021-02-04",70000,"Kamau","Jasa A",134,"Februari"
"2021-02-04",138000,"Bluaxia","Jasa B",135,"Februari"
"2021-02-04",60000,"Nah","Jasa D",136,"Februari"
"2021-02-05",120000,"Moes","Jasa E",137,"Februari"
"2021-02-05",135000,"Noshom","Jasa A",138,"Februari"
"2021-02-05",70000,"Mudiwa","Jasa B",139,"Februari"
"2021-02-05",60000,"Yinoh","Jasa A",140,"Februari"
"2021-02-05",70000,"Thokozani","Jasa B",141,"Februari"
"2021-02-05",60000,"Dejen","Jasa D",142,"Februari"
"2021-02-05",71000,"Axzab","Jasa B",143,"Februari"
"2021-02-05",120000,"Noshom","Jasa D",144,"Februari"
"2021-02-05",150000,"Axzab","Jasa D",145,"Februari"
"2021-02-05",70000,"Wevishar","Jasa D",146,"Februari"
"2021-02-06",130000,"Hoosnestrond","Jasa D",147,"Februari"
"2021-02-08",60000,"Wevishar","Jasa D",148,"Februari"
"2021-02-08",60000,"Saazteec","Jasa D",149,"Februari"
"2021-02-08",130000,"Thokozani","Jasa E",150,"Februari"
"2021-02-08",121000,"Tichaona","Jasa B",151,"Februari"
"2021-02-08",100000,"Safluvis","Jasa C",152,"Februari"
"2021-02-08",50000,"Mudiwa","Jasa D",153,"Februari"
"2021-02-09",70000,"Yinoh","Jasa B",154,"Februari"
"2021-02-09",130000,"Ousmane","Jasa C",155,"Februari"
"2021-02-09",70000,"Jeingzou","Jasa C",156,"Februari"
"2021-02-09",78000,"Ezii","Jasa D",157,"Februari"
"2021-02-09",71000,"Ganizani","Jasa C",158,"Februari"
"2021-02-09",15000,"Idoob","Jasa E",159,"Februari"
"2021-02-09",70000,"Kunju","Jasa E",160,"Februari"
"2021-02-09",95000,"Qayug","Jasa B",161,"Februari"
"2021-02-09",138000,"Bzayan","Jasa B",162,"Februari"
"2021-02-09",103000,"Tichaona","Jasa A",163,"Februari"
"2021-02-10",71000,"Ganizani","Jasa B",164,"Februari"
"2021-02-10",110000,"Cuphulien","Jasa A",165,"Februari"
"2021-02-10",88000,"Kayin","Jasa C",166,"Februari"
"2021-02-10",70000,"Kayin","Jasa D",167,"Februari"
"2021-02-10",144000,"Oozu","Jasa E",168,"Februari"
"2021-02-10",148000,"Ufuoma","Jasa B",169,"Februari"
"2021-02-10",60000,"Ekyboo","Jasa B",170,"Februari"
"2021-02-10",142000,"Gar","Jasa B",171,"Februari"
"2021-02-10",122400,"Bluaxia","Jasa C",172,"Februari"
"2021-02-10",70000,"Saazteec","Jasa E",173,"Februari"
"2021-02-10",60000,"Ixoim","Jasa D",174,"Februari"
"2021-02-10",70000,"Kamau","Jasa C",175,"Februari"
"2021-02-10",70000,"Saazteec","Jasa A",176,"Februari"
"2021-02-10",138000,"Ekyboo","Jasa D",177,"Februari"
"2021-02-10",140000,"Khimma","Jasa B",178,"Februari"
"2021-02-10",130000,"Shashou","Jasa C",179,"Februari"
"2021-02-11",70000,"Qayug","Jasa E",180,"Februari"
"2021-02-11",87000,"Jeingzou","Jasa E",181,"Februari"
"2021-02-11",120000,"Ganizani","Jasa B",182,"Februari"
"2021-02-11",139000,"Kamau","Jasa A",183,"Februari"
"2021-02-11",70000,"Chi","Jasa C",184,"Februari"
"2021-02-11",130000,"Dubaku","Jasa E",185,"Februari"
"2021-02-12",60000,"Moes","Jasa B",186,"Februari"
"2021-02-12",60000,"Ousmane","Jasa C",187,"Februari"
"2021-02-12",147000,"Tepmuvapp","Jasa C",188,"Februari"
"2021-02-10",130000,"Ade","Jasa C",189,"Februari"
"2021-02-15",60000,"Meefgaib","Jasa D",190,"Februari"
"2021-02-15",130000,"Bzayan","Jasa A",191,"Februari"
"2021-02-15",130000,"Kunju","Jasa E",192,"Februari"
"2021-02-15",131000,"Chinweuba","Jasa C",193,"Februari"
"2021-02-15",70000,"Gnuci","Jasa B",194,"Februari"
"2021-02-15",70000,"Tichaona","Jasa E",195,"Februari"
"2021-02-15",130000,"Evii","Jasa D",196,"Februari"
"2021-02-15",70000,"Idoob","Jasa E",197,"Februari"
"2021-02-15",139000,"Okafor","Jasa D",198,"Februari"
"2021-02-15",130000,"Shashou","Jasa A",199,"Februari"
"2021-02-15",129000,"Mudiwa","Jasa E",200,"Februari"
"2021-02-16",144000,"Safluvis","Jasa D",201,"Februari"
"2021-02-16",124000,"Mygneo","Jasa E",202,"Februari"
"2021-02-16",79000,"Ezii","Jasa B",203,"Februari"
"2021-02-16",138000,"Bluaxia","Jasa A",204,"Februari"
"2021-02-16",70000,"Kunju","Jasa E",205,"Februari"
"2021-02-16",132000,"Boubacar","Jasa B",206,"Februari"
"2021-02-17",120000,"Idoob","Jasa A",207,"Februari"
"2021-02-17",10000,"Olabode","Jasa C",208,"Februari"
"2021-02-17",110000,"Bluaxia","Jasa E",209,"Februari"
"2021-02-17",130000,"Bluaxia","Jasa B",210,"Februari"
"2021-02-17",70000,"Taurai","Jasa A",211,"Februari"
"2021-02-17",130000,"Gar","Jasa C",212,"Februari"
"2021-02-17",131000,"Dubaku","Jasa A",213,"Februari"
"2021-02-18",130000,"Jeingzou","Jasa D",214,"Februari"
"2021-02-18",82000,"Noshom","Jasa C",215,"Februari"
"2021-02-18",120000,"Adegoke","Jasa B",216,"Februari"
"2021-02-18",138000,"Kunju","Jasa D",217,"Februari"
"2021-02-18",70000,"Dejen","Jasa B",218,"Februari"
"2021-02-18",71000,"Ade","Jasa E",219,"Februari"
"2021-02-18",130000,"Ezii","Jasa A",220,"Februari"
"2021-02-18",103000,"Usah","Jasa D",221,"Februari"
"2021-02-19",83000,"Ganizani","Jasa D",222,"Februari"
"2021-02-19",120000,"Thokozani","Jasa E",223,"Februari"
"2021-02-19",60000,"Kayin","Jasa B",224,"Februari"
"2021-02-19",124000,"Ade","Jasa C",225,"Februari"
"2021-02-19",50000,"Gaggada","Jasa A",226,"Februari"
"2021-02-19",110000,"Nah","Jasa D",227,"Februari"
"2021-02-19",130000,"Taurai","Jasa E",228,"Februari"
"2021-02-19",120000,"Khimma","Jasa E",229,"Februari"
"2021-02-22",79000,"Ganizani","Jasa E",230,"Februari"
"2021-02-22",130000,"Chinweuba","Jasa A",231,"Februari"
"2021-02-22",101000,"Oozu","Jasa E",232,"Februari"
"2021-02-22",79000,"Mygneo","Jasa D",233,"Februari"
"2021-02-22",120000,"Yinoh","Jasa B",234,"Februari"
"2021-02-22",130000,"Ousmane","Jasa E",235,"Februari"
"2021-02-22",120000,"Tichaona","Jasa C",236,"Februari"
"2021-02-22",70000,"Khimma","Jasa B",237,"Februari"
"2021-02-22",70000,"Taurai","Jasa D",238,"Februari"
"2021-02-22",70000,"Evii","Jasa B",239,"Februari"
"2021-02-22",70000,"Thokozani","Jasa E",240,"Februari"
"2021-02-22",70000,"Wiati","Jasa C",241,"Februari"
"2021-02-23",130000,"Axzab","Jasa C",242,"Februari"
"2021-02-23",10000,"Kunju","Jasa E",243,"Februari"
"2021-02-23",142000,"Adegoke","Jasa D",244,"Februari"
"2021-02-23",22000,"Ekyboo","Jasa C",245,"Februari"
"2021-02-23",120000,"Ixoim","Jasa E",246,"Februari"
"2021-02-23",139000,"Tichaona","Jasa E",247,"Februari"
"2021-02-23",130000,"Meefgaib","Jasa E",248,"Februari"
"2021-02-23",130000,"Tepmuvapp","Jasa A",249,"Februari"
"2021-02-23",70000,"Tepmuvapp","Jasa E",250,"Februari"
"2021-02-23",70000,"Saazteec","Jasa D",251,"Februari"
"2021-02-23",71000,"Nah","Jasa E",252,"Februari"
"2021-02-24",130000,"Meefgaib","Jasa D",253,"Februari"
"2021-02-24",78000,"Gaggada","Jasa C",254,"Februari"
"2021-02-24",65000,"Shashou","Jasa D",255,"Februari"
"2021-02-24",70000,"Taurai","Jasa D",256,"Februari"
"2021-02-24",120000,"Chi","Jasa E",257,"Februari"
"2021-02-24",110000,"Chi","Jasa E",258,"Februari"
"2021-02-24",28000,"Yinoh","Jasa B",259,"Februari"
"2021-02-25",64000,"Chi","Jasa A",260,"Februari"
"2021-02-25",60000,"Oozu","Jasa A",261,"Februari"
"2021-02-25",60000,"Gnuci","Jasa B",262,"Februari"
"2021-02-25",70000,"Eniola","Jasa E",263,"Februari"
"2021-02-25",11000,"Oozu","Jasa C",264,"Februari"
"2021-02-25",120000,"Boubacar","Jasa D",265,"Februari"
"2021-02-25",138000,"Chinweuba","Jasa C",266,"Februari"
"2021-02-25",147000,"Nah","Jasa B",267,"Februari"
"2021-02-25",130000,"Ufuoma","Jasa A",268,"Februari"
"2021-02-25",70000,"Qayug","Jasa A",269,"Februari"
"2021-02-25",70000,"Wevishar","Jasa A",270,"Februari"
"2021-02-25",131000,"Gnuci","Jasa A",271,"Februari"
"2021-02-25",130000,"Doux","Jasa C",272,"Februari"
"2021-02-26",61200,"Wevishar","Jasa D",273,"Februari"
"2021-02-26",110000,"Thokozani","Jasa A",274,"Februari"
"2021-02-26",28000,"Oozu","Jasa C",275,"Februari"
"2021-02-26",61000,"Glite","Jasa C",276,"Februari"
"2021-02-26",60000,"Meefgaib","Jasa D",277,"Februari"
"2021-02-26",120000,"Thokozani","Jasa A",278,"Februari"
"2021-02-26",70000,"Adegoke","Jasa D",279,"Februari"
"2021-02-26",70000,"Abdoul","Jasa C",280,"Februari"
"2021-02-27",139000,"Gaggada","Jasa B",281,"Februari"
"2021-03-01",150000,"Thauzhash","Jasa E",282,"Maret"
"2021-03-01",70000,"Thokozani","Jasa A",283,"Maret"
"2021-03-01",136000,"Ezii","Jasa D",284,"Maret"
"2021-03-01",70000,"Tepmuvapp","Jasa C",285,"Maret"
"2021-03-01",139000,"Boubacar","Jasa A",286,"Maret"
"2021-03-01",147000,"Doux","Jasa D",287,"Maret"
"2021-03-01",70000,"Wevishar","Jasa B",288,"Maret"
"2021-03-01",130000,"Saazteec","Jasa E",289,"Maret"
"2021-03-01",51000,"Meefgaib","Jasa E",290,"Maret"
"2021-03-01",130000,"Ekyboo","Jasa D",291,"Maret"
"2021-03-01",88000,"Jeingzou","Jasa A",292,"Maret"
"2021-03-01",130000,"Bluaxia","Jasa D",293,"Maret"
"2021-03-01",110000,"Adegoke","Jasa A",294,"Maret"
"2021-03-02",70000,"Noshom","Jasa B",295,"Maret"
"2021-03-02",142000,"Shashou","Jasa E",296,"Maret"
"2021-03-02",139000,"Noshom","Jasa B",297,"Maret"
"2021-03-02",93000,"Doux","Jasa B",298,"Maret"
"2021-03-02",70000,"Idoob","Jasa E",299,"Maret"
"2021-03-02",60000,"Oozu","Jasa B",300,"Maret"
"2021-03-02",120000,"Dubaku","Jasa D",301,"Maret"
"2021-03-02",57000,"Chuo","Jasa C",302,"Maret"
"2021-03-02",70000,"Mudiwa","Jasa D",303,"Maret"
"2021-03-02",131000,"Moes","Jasa D",304,"Maret"
"2021-03-02",70000,"Axzab","Jasa D",305,"Maret"
"2021-03-02",88000,"Nah","Jasa D",306,"Maret"
"2021-03-02",130000,"Chinweuba","Jasa B",307,"Maret"
"2021-03-02",16000,"Kunju","Jasa E",308,"Maret"
"2021-03-02",61200,"Bzayan","Jasa B",309,"Maret"
"2021-03-03",70000,"Adegoke","Jasa B",310,"Maret"
"2021-03-03",130000,"Ekyboo","Jasa A",311,"Maret"
"2021-03-03",130000,"Ezii","Jasa C",312,"Maret"
"2021-03-03",144000,"Abdoul","Jasa C",313,"Maret"
"2021-03-03",40000,"Tepmuvapp","Jasa A",314,"Maret"
"2021-03-03",124000,"Ufuoma","Jasa E",315,"Maret"
"2021-03-03",130000,"Axzab","Jasa D",316,"Maret"
"2021-03-03",131000,"Eniola","Jasa C",317,"Maret"
"2021-03-04",130000,"Gaggada","Jasa A",318,"Maret"
"2021-03-04",18000,"Safluvis","Jasa B",319,"Maret"
"2021-03-04",130000,"Hoosnestrond","Jasa D",320,"Maret"
"2021-03-04",130000,"Tepmuvapp","Jasa E",321,"Maret"
"2021-03-04",70000,"Tepmuvapp","Jasa B",322,"Maret"
"2021-03-04",120000,"Thauzhash","Jasa E",323,"Maret"
"2021-03-04",130000,"Abdoul","Jasa E",324,"Maret"
"2021-03-04",122000,"Bluaxia","Jasa A",325,"Maret"
"2021-03-04",71000,"Gar","Jasa B",326,"Maret"
"2021-03-04",131000,"Olabode","Jasa B",327,"Maret"
"2021-03-03",60000,"Saazteec","Jasa A",328,"Maret"
"2021-03-05",78000,"Boubacar","Jasa C",329,"Maret"
"2021-03-05",32000,"Nah","Jasa A",330,"Maret"
"2021-03-05",71000,"Eniola","Jasa A",331,"Maret"
"2021-03-05",60000,"Taurai","Jasa C",332,"Maret"
"2021-03-05",91000,"Dejen","Jasa C",333,"Maret"
"2021-03-05",20000,"Chinweuba","Jasa B",334,"Maret"
"2021-03-05",125000,"Gaggada","Jasa A",335,"Maret"
"2021-03-05",88000,"Dejen","Jasa C",336,"Maret"
"2021-03-05",35000,"Usah","Jasa B",337,"Maret"
"2021-03-06",60000,"Boubacar","Jasa E",338,"Maret"
"2021-03-06",19000,"Shashou","Jasa C",339,"Maret"
"2021-03-08",120000,"Yinoh","Jasa E",340,"Maret"
"2021-03-09",41000,"Meefgaib","Jasa E",341,"Maret"
"2021-03-09",90000,"Meefgaib","Jasa C",342,"Maret"
"2021-03-09",74000,"Bzayan","Jasa A",343,"Maret"
"2021-03-09",70000,"Kamau","Jasa D",344,"Maret"
"2021-03-09",25000,"Ufuoma","Jasa C",345,"Maret"
"2021-03-09",120000,"Okafor","Jasa B",346,"Maret"
"2021-03-09",95000,"Moes","Jasa A",347,"Maret"
"2021-03-09",26700,"Chuo","Jasa E",348,"Maret"
"2021-03-10",70000,"Ufuoma","Jasa A",349,"Maret"
"2021-03-10",66000,"Jeingzou","Jasa E",350,"Maret"
"2021-03-10",25000,"Abdoul","Jasa C",351,"Maret"
"2021-03-10",150000,"Ousmane","Jasa B",352,"Maret"
"2021-03-10",150000,"Thauzhash","Jasa D",353,"Maret"
"2021-03-12",25000,"Qayug","Jasa E",354,"Maret"
"2021-03-12",130000,"Chi","Jasa D",355,"Maret"
"2021-03-12",25000,"Saazteec","Jasa E",356,"Maret"
"2021-03-13",103000,"Kayin","Jasa C",357,"Maret"
"2021-03-13",150000,"Okafor","Jasa E",358,"Maret"
"2021-03-15",150000,"Tichaona","Jasa E",359,"Maret"
"2021-03-15",145000,"Safluvis","Jasa B",360,"Maret"
"2021-03-15",145000,"Nah","Jasa B",361,"Maret"
"2021-03-16",95000,"Ixoim","Jasa D",362,"Maret"
"2021-03-16",26805,"Mudiwa","Jasa B",363,"Maret"
"2021-03-17",142000,"Kamau","Jasa B",364,"Maret"
"2021-03-17",41000,"Saazteec","Jasa A",365,"Maret"
"2021-03-17",70000,"Jeingzou","Jasa B",366,"Maret"
"2021-03-17",70000,"Kayin","Jasa E",367,"Maret"
"2021-03-17",71000,"Olabode","Jasa C",368,"Maret"
"2021-03-17",70000,"Yinoh","Jasa B",369,"Maret"
"2021-03-18",88000,"Axzab","Jasa A",370,"Maret"
"2021-03-19",65000,"Chuo","Jasa C",371,"Maret"
"2021-03-19",130000,"Shashou","Jasa C",372,"Maret"
"2021-03-22",150000,"Meefgaib","Jasa C",373,"Maret"
"2021-03-23",85000,"Jeingzou","Jasa A",374,"Maret"
"2021-03-23",93000,"Meefgaib","Jasa C",375,"Maret"
"2021-03-23",75000,"Mudiwa","Jasa C",376,"Maret"
"2021-03-24",61000,"Chuo","Jasa B",377,"Maret"
"2021-03-24",40000,"Doux","Jasa C",378,"Maret"
"2021-03-24",8000,"Axzab","Jasa C",379,"Maret"
"2021-03-24",125000,"Eniola","Jasa A",380,"Maret"
"2021-03-25",23332,"Noshom","Jasa C",381,"Maret"
"2021-03-26",20469,"Taurai","Jasa C",382,"Maret"
"2021-03-26",85000,"Adegoke","Jasa C",383,"Maret"
"2021-03-26",4001,"Hoosnestrond","Jasa E",384,"Maret"
"2021-03-29",90000,"Chuo","Jasa A",385,"Maret"
"2021-03-29",97000,"Ezii","Jasa B",386,"Maret"
"2021-03-29",110000,"Jeingzou","Jasa A",387,"Maret"
"2021-03-29",143000,"Bzayan","Jasa B",388,"Maret"
"2021-03-29",85000,"Okafor","Jasa B",389,"Maret"
"2021-03-30",86000,"Hoosnestrond","Jasa A",390,"Maret"
"2021-04-01",93000,"Idoob","Jasa C",391,"April"
"2021-04-01",85000,"Glite","Jasa A",392,"April"
"2021-04-01",85000,"Gaggada","Jasa C",393,"April"
"2021-04-01",85000,"Ufuoma","Jasa A",394,"April"
"2021-04-01",135000,"Chinweuba","Jasa E",395,"April"
"2021-04-01",50000,"Gaggada","Jasa C",396,"April"
"2021-04-01",125000,"Eniola","Jasa A",397,"April"
"2021-04-04",150000,"Adegoke","Jasa A",398,"April"
"2021-04-05",120000,"Gar","Jasa C",399,"April"
"2021-04-05",85000,"Kayin","Jasa C",400,"April"
"2021-04-06",112000,"Wevishar","Jasa D",401,"April"
"2021-04-06",85000,"Mygneo","Jasa A",402,"April"
"2021-04-06",100000,"Okafor","Jasa A",403,"April"
"2021-04-06",94000,"Evii","Jasa D",404,"April"
"2021-04-06",75000,"Wiati","Jasa A",405,"April"
"2021-04-06",150000,"Thauzhash","Jasa B",406,"April"
"2021-04-07",85000,"Adegoke","Jasa A",407,"April"
"2021-04-07",85000,"Axzab","Jasa E",408,"April"
"2021-04-07",50000,"Evii","Jasa A",409,"April"
"2021-04-08",135000,"Dejen","Jasa B",410,"April"
"2021-04-08",102000,"Olabode","Jasa B",411,"April"
"2021-04-08",85000,"Glite","Jasa E",412,"April"
"2021-04-09",69900,"Ade","Jasa A",413,"April"
"2021-04-09",17770,"Moes","Jasa A",414,"April"
"2021-04-09",85000,"Kamau","Jasa E",415,"April"
"2021-04-09",10000,"Nah","Jasa B",416,"April"
"2021-04-09",93000,"Ixoim","Jasa A",417,"April"
"2021-04-09",85000,"Wevishar","Jasa A",418,"April"
"2021-04-12",86000,"Bzayan","Jasa A",419,"April"
"2021-04-12",85000,"Cuphulien","Jasa E",420,"April"
"2021-04-13",150000,"Ekyboo","Jasa D",421,"April"
"2021-04-14",5000,"Oozu","Jasa B",422,"April"
"2021-04-15",121100,"Mudiwa","Jasa A",423,"April"
"2021-04-15",85000,"Oozu","Jasa B",424,"April"
"2021-04-15",85000,"Safluvis","Jasa D",425,"April"
"2021-04-15",94000,"Okafor","Jasa C",426,"April"
"2021-04-15",85000,"Wevishar","Jasa E",427,"April"
"2021-04-16",130000,"Mygneo","Jasa A",428,"April"
"2021-04-16",85000,"Gar","Jasa E",429,"April"
"2021-04-16",86000,"Taurai","Jasa E",430,"April"
"2021-04-19",97000,"Bluaxia","Jasa D",431,"April"
"2021-04-19",85000,"Chinweuba","Jasa C",432,"April"
"2021-04-19",8000,"Kayin","Jasa C",433,"April"
"2021-04-19",92000,"Eniola","Jasa D",434,"April"
"2021-04-19",85000,"Shashou","Jasa E",435,"April"
"2021-04-19",125000,"Saazteec","Jasa B",436,"April"
"2021-04-20",75000,"Axzab","Jasa C",437,"April"
"2021-04-20",85000,"Jeingzou","Jasa E",438,"April"
"2021-04-21",90000,"Hoosnestrond","Jasa E",439,"April"
"2021-04-21",135000,"Ousmane","Jasa E",440,"April"
"2021-04-22",85000,"Ade","Jasa B",441,"April"
"2021-04-22",85000,"Glite","Jasa C",442,"April"
"2021-04-23",75000,"Chuo","Jasa C",443,"April"
"2021-04-23",85000,"Safluvis","Jasa C",444,"April"
"2021-04-23",85000,"Tepmuvapp","Jasa B",445,"April"
"2021-04-23",135000,"Ade","Jasa D",446,"April"
"2021-04-23",86000,"Ganizani","Jasa B",447,"April"
"2021-04-23",85000,"Abdoul","Jasa A",448,"April"
"2021-04-23",135000,"Ixoim","Jasa D",449,"April"
"2021-04-26",136000,"Boubacar","Jasa B",450,"April"
"2021-04-26",134000,"Chi","Jasa D",451,"April"
"2021-04-26",85000,"Gnuci","Jasa E",452,"April"
"2021-04-26",134000,"Kamau","Jasa C",453,"April"
"2021-04-26",85000,"Jeingzou","Jasa B",454,"April"
"2021-04-26",35000,"Axzab","Jasa D",455,"April"
"2021-04-26",85000,"Kamau","Jasa D",456,"April"
"2021-04-26",135000,"Chuo","Jasa B",457,"April"
"2021-04-26",25000,"Saazteec","Jasa E",458,"April"
"2021-04-27",85000,"Ousmane","Jasa D",459,"April"
"2021-04-27",135000,"Chinweuba","Jasa D",460,"April"
"2021-04-27",50000,"Kunju","Jasa A",461,"April"
"2021-04-27",147000,"Evii","Jasa B",462,"April"
"2021-04-27",112000,"Ufuoma","Jasa C",463,"April"
"2021-04-28",136000,"Ufuoma","Jasa B",464,"April"
"2021-04-28",102000,"Kayin","Jasa C",465,"April"
"2021-04-28",118000,"Thokozani","Jasa D",466,"April"
"2021-04-28",100000,"Thokozani","Jasa D",467,"April"
"2021-04-28",129000,"Noshom","Jasa D",468,"April"
"2021-04-28",75000,"Tepmuvapp","Jasa A",469,"April"
"2021-04-28",81000,"Noshom","Jasa A",470,"April"
"2021-04-28",112000,"Mudiwa","Jasa E",471,"April"
"2021-04-30",85000,"Thokozani","Jasa C",472,"April"
"2021-05-03",75000,"Chi","Jasa B",473,"Mei"
"2021-05-03",85000,"Dejen","Jasa A",474,"Mei"
"2021-05-03",104000,"Adegoke","Jasa E",475,"Mei"
"2021-05-05",97000,"Ganizani","Jasa D",476,"Mei"
"2021-05-05",142000,"Gar","Jasa B",477,"Mei"
"2021-05-05",75000,"Idoob","Jasa C",478,"Mei"
"2021-05-06",85000,"Idoob","Jasa E",479,"Mei"
"2021-05-06",85000,"Ixoim","Jasa E",480,"Mei"
"2021-05-07",135000,"Shashou","Jasa E",481,"Mei"
"2021-05-07",69648,"Idoob","Jasa E",482,"Mei"
"2021-05-11",130000,"Axzab","Jasa A",483,"Mei"
"2021-05-11",97000,"Idoob","Jasa A",484,"Mei"
"2021-05-17",90000,"Ixoim","Jasa D",485,"Mei"
"2021-05-17",86000,"Olabode","Jasa D",486,"Mei"
"2021-05-17",85000,"Eniola","Jasa A",487,"Mei"
"2021-05-17",115000,"Idoob","Jasa A",488,"Mei"
"2021-05-17",85000,"Hoosnestrond","Jasa B",489,"Mei"
"2021-05-17",85000,"Yinoh","Jasa A",490,"Mei"
"2021-05-18",85000,"Tepmuvapp","Jasa D",491,"Mei"
"2021-05-18",85000,"Kayin","Jasa C",492,"Mei"
"2021-05-19",125000,"Ousmane","Jasa A",493,"Mei"
"2021-05-19",144000,"Chinweuba","Jasa D",494,"Mei"
"2021-05-20",85000,"Chinweuba","Jasa C",495,"Mei"
"2021-05-20",25000,"Bluaxia","Jasa C",496,"Mei"
"2021-05-20",131000,"Mygneo","Jasa B",497,"Mei"
"2021-05-20",85000,"Ezii","Jasa B",498,"Mei"
"2021-05-21",97000,"Thokozani","Jasa E",499,"Mei"
"2021-05-24",85000,"Cuphulien","Jasa A",500,"Mei"
"2021-05-24",85000,"Idoob","Jasa B",501,"Mei"
"2021-05-24",123000,"Jeingzou","Jasa E",502,"Mei"
"2021-05-24",143000,"Gnuci","Jasa D",503,"Mei"
"2021-05-24",135000,"Dejen","Jasa D",504,"Mei"
"2021-05-24",85000,"Shashou","Jasa A",505,"Mei"
"2021-05-24",93000,"Noshom","Jasa D",506,"Mei"
"2021-05-25",125000,"Yinoh","Jasa A",507,"Mei"
"2021-05-25",90000,"Chi","Jasa A",508,"Mei"
"2021-05-27",85000,"Eniola","Jasa D",509,"Mei"
"2021-05-27",135000,"Ufuoma","Jasa B",510,"Mei"
"2021-05-27",135000,"Qayug","Jasa A",511,"Mei"
"2021-05-28",150000,"Jeingzou","Jasa D",512,"Mei"
"2021-06-04",117600,"Adegoke","Jasa A",513,"Juni"
"2021-06-03",135000,"Usah","Jasa D",514,"Juni"
"2021-06-07",85000,"Adegoke","Jasa E",515,"Juni"
"2021-06-08",21000,"Glite","Jasa B",516,"Juni"
"2021-06-10",120000,"Kayin","Jasa A",517,"Juni"
"2021-06-11",150000,"Dejen","Jasa D",518,"Juni"
"2021-06-12",70000,"Gar","Jasa D",519,"Juni"
"2021-06-14",135000,"Gaggada","Jasa A",520,"Juni"
"2021-06-15",135000,"Dejen","Jasa A",521,"Juni"
"2021-06-15",85000,"Axzab","Jasa B",522,"Juni"
"2021-06-16",75000,"Mudiwa","Jasa D",523,"Juni"
"2021-06-16",85000,"Meefgaib","Jasa C",524,"Juni"
"2021-06-18",150000,"Yinoh","Jasa C",525,"Juni"
"2021-06-18",150000,"Chuo","Jasa C",526,"Juni"
"2021-06-21",25000,"Khimma","Jasa E",527,"Juni"
"2021-06-23",10000,"Ufuoma","Jasa B",528,"Juni"
"2021-06-25",106000,"Safluvis","Jasa E",529,"Juni"
"2021-06-28",97000,"Jeingzou","Jasa A",530,"Juni"
"2021-06-30",106000,"Boubacar","Jasa A",531,"Juni"
"2021-07-01",85000,"Ade","Jasa E",532,"Juli"
"2021-07-01",17500,"Shashou","Jasa B",533,"Juli"
"2021-07-05",118100,"Nah","Jasa A",534,"Juli"
"2021-07-06",100000,"Noshom","Jasa D",535,"Juli"
"2021-07-07",58750,"Gnuci","Jasa D",536,"Juli"
"2021-07-08",44900,"Chuo","Jasa A",537,"Juli"
"2021-07-09",46900,"Wevishar","Jasa C",538,"Juli"
"2021-07-09",125000,"Ekyboo","Jasa C",539,"Juli"
"2021-07-12",75000,"Ekyboo","Jasa A",540,"Juli"
"2021-07-14",135000,"Chinweuba","Jasa B",541,"Juli"
"2021-07-14",135000,"Gnuci","Jasa E",542,"Juli"
"2021-07-14",100000,"Adegoke","Jasa D",543,"Juli"
"2021-07-15",143500,"Ixoim","Jasa E",544,"Juli"
"2021-07-15",46900,"Kamau","Jasa C",545,"Juli"
"2021-07-17",143500,"Ezii","Jasa E",546,"Juli"
"2021-07-18",53500,"Tichaona","Jasa D",547,"Juli"
"2021-07-20",43680,"Kamau","Jasa C",548,"Juli"
"2021-07-21",54000,"Mygneo","Jasa C",549,"Juli"
"2021-07-23",104000,"Gar","Jasa B",550,"Juli"
"2021-07-23",100000,"Taurai","Jasa A",551,"Juli"
"2021-07-26",100000,"Safluvis","Jasa D",552,"Juli"
"2021-07-27",79000,"Safluvis","Jasa C",553,"Juli"
"2021-07-27",28000,"Bluaxia","Jasa B",554,"Juli"
"2021-07-27",30000,"Chinweuba","Jasa C",555,"Juli"
"2021-07-27",85000,"Ezii","Jasa A",556,"Juli"
"2021-07-28",93000,"Doux","Jasa B",557,"Juli"
"2021-07-28",11000,"Saazteec","Jasa C",558,"Juli"
"2021-07-30",10000,"Chuo","Jasa D",559,"Juli"
"2021-07-30",100000,"Axzab","Jasa E",560,"Juli"
